<?xml version="1.0" encoding="UTF-8"?>

<channel name="thunar" version="1.0">
  <property name="last-view" type="string" value="ThunarIconView"/>
  <property name="last-icon-view-zoom-level" type="string" value="THUNAR_ZOOM_LEVEL_100_PERCENT"/>
  <property name="last-separator-position" type="int" value="296"/>
  <property name="last-show-hidden" type="bool" value="true"/>
  <property name="last-window-width" type="int" value="1111"/>
  <property name="last-window-height" type="int" value="731"/>
  <property name="last-window-maximized" type="bool" value="true"/>
  <property name="last-details-view-zoom-level" type="string" value="THUNAR_ZOOM_LEVEL_38_PERCENT"/>
  <property name="last-details-view-column-widths" type="string" value="50,124,189,50,695,1469,50,57,574,50,50,96,50,201"/>
  <property name="misc-date-style" type="string" value="THUNAR_DATE_STYLE_ISO"/>
  <property name="misc-single-click" type="bool" value="false"/>
  <property name="misc-show-delete-action" type="bool" value="true"/>
  <property name="misc-full-path-in-title" type="bool" value="true"/>
  <property name="hidden-devices" type="array">
    <value type="string" value="545d2f11-976c-4609-9377-36fc1d6208ab"/>
    <value type="string" value="708c7c78-d39e-4e6e-b4a8-7ca3c051f59a"/>
    <value type="string" value="24555645-eb69-4407-8111-3c7da3ae0253"/>
    <value type="string" value="4dff6098-fe07-4d0f-953a-ab5438d15ac6"/>
    <value type="string" value="510ab284-fa5a-4208-8e1b-42fcd768be40"/>
    <value type="string" value="6fbf4688-143b-492d-a9a4-509c210e4abe"/>
    <value type="string" value="0be19c88-28b5-4da4-acab-81d9d1c3575b"/>
    <value type="string" value="38fe6924-231e-4c7e-b904-8e08d4891cf4"/>
    <value type="string" value="aaeff56c-7363-477a-b5db-33766d06f9dc"/>
    <value type="string" value="9cdb2a6b-f325-4b36-995c-ff89006a225b"/>
    <value type="string" value="ace9b1f1-cdaf-4120-a020-5bc14cdb8cbd"/>
  </property>
  <property name="last-details-view-visible-columns" type="string" value="THUNAR_COLUMN_DATE_MODIFIED,THUNAR_COLUMN_NAME,THUNAR_COLUMN_SIZE,THUNAR_COLUMN_TYPE"/>
</channel>
