<?xml version="1.0" encoding="UTF-8"?>

<channel name="xfce4-screensaver" version="1.0">
  <property name="saver" type="empty">
    <property name="mode" type="int" value="0"/>
    <property name="fullscreen-inhibit" type="bool" value="true"/>
    <property name="enabled" type="bool" value="false"/>
  </property>
  <property name="lock" type="empty">
    <property name="saver-activation" type="empty">
      <property name="delay" type="int" value="5"/>
    </property>
    <property name="enabled" type="bool" value="false"/>
  </property>
</channel>
